Country,Country_Code,Population,Population_Year,Population_Evidence,Population_Source_ID,Population_Source_URL,KRT_ESRD_Population,KRT_Reference_Year,KRT_Evidence,KRT_Source_ID,ESRD_Prevalence_PMP,ESRD_Prevalence_Evidence,HD_Population,HD_Reference_Year,HD_Evidence,HD_Source_ID,HD_Prevalence_PMP,HD_Prevalence_Evidence,HD_Prevalence_Source_ID,Dialysis_Centers,Dialysis_Centers_Year,Dialysis_Centers_Evidence,Dialysis_Centers_Source_ID,HD_Units,HD_Units_Evidence,Transplant_Centers,Transplant_Centers_Evidence,Evidence_Note,ESRD_Prevalence_Source_ID
Saudi Arabia,SAU,35300280,2024,OBSERVED,,https://fred.stlouisfed.org/series/POPTOTSAA647NWDB,30000,2021.0,OBSERVED,SRC-SAU-BMCNEPH-2024,,NOT_AVAILABLE,20534,2021.0,OBSERVED,SRC-SAU-CUREUS-2023,294.3,OBSERVED,SRC-SAU-CUREUS-2023,275,2021.0,OBSERVED,SRC-SAU-BMCPH-2024,,NEEDS_VERIFICATION,,NEEDS_VERIFICATION,"RRT prevalence 294.3/million (2021) is the only sourced PMP figure; a separate GaStat/MoH dataset independently reports 20,440 HD patients for the same year (SRC-SAU-BMCPH-2024) — the two HD counts (20,534 vs 20,440) are close but not identical, from different underlying datasets, and are NOT reconciled into one number here.",
UAE,ARE,,,NEEDS_VERIFICATION,,,,,NOT_AVAILABLE,,152,OBSERVED,,,NOT_AVAILABLE,,370,OBSERVED,SRC-ARE-IJNRD-2024,,,NEEDS_VERIFICATION,,,NEEDS_VERIFICATION,,NEEDS_VERIFICATION,"Two inconsistent PMP figures exist from different sources/years: ESRD prevalence 152/million (MOHAP, 2017) vs HD prevalence ~370/million (IJNRD 2024, citing an older estimate with growth up to 15%/yr, though recent local Abu Dhabi/SEHA data suggest growth has slowed to ~6-7%/yr). A separate figure of long-term KRT prevalence 201.4/million is also cited (ISN Global Kidney Health Atlas 2021, via SRC-ARE-IJNRD-2024). No patient headcount located — converting any of these rates to a count would require applying our own population denominator, i.e. would become DERIVED, not OBSERVED, so left blank.",SRC-ARE-MOHAP-KIDNEY
Qatar,QAT,,,NEEDS_VERIFICATION,,,,,NOT_AVAILABLE,,,NOT_AVAILABLE,900,2022.0,OBSERVED,SRC-QAT-QMJ-2023,,NOT_AVAILABLE,,7,2022.0,OBSERVED,SRC-QAT-QMJ-2023,197,OBSERVED,,NEEDS_VERIFICATION,"HD_Units (197) is HD dialysis STATIONS, not hospital departments — flagged so it is not misread. Overall dialysis (HD+PD) = 1,150 patients (900 HD + 250 PD), all under the single Hamad Medical Corporation system. Crude adult dialysis prevalence reported as 697.24 per million population (13.3% YoY rise, 2022).",
Kuwait,KWT,,,NEEDS_VERIFICATION,,,,,NOT_AVAILABLE,,,NOT_AVAILABLE,,,NOT_AVAILABLE,,,NOT_AVAILABLE,,,,NOT_AVAILABLE,,,NOT_AVAILABLE,,NOT_AVAILABLE,Not yet researched this session — scheduled for a later batch. No figures carried over from the uploaded workbook because they could not be traced to a source (see inspection note).,
Oman,OMN,,,NEEDS_VERIFICATION,,,,,NOT_AVAILABLE,,,NOT_AVAILABLE,,,NOT_AVAILABLE,,,NOT_AVAILABLE,,,,NOT_AVAILABLE,,,NOT_AVAILABLE,,NOT_AVAILABLE,Not yet researched this session — scheduled for a later batch. No figures carried over from the uploaded workbook because they could not be traced to a source (see inspection note).,
Bahrain,BHR,,,NEEDS_VERIFICATION,,,,,NOT_AVAILABLE,,,NOT_AVAILABLE,,,NOT_AVAILABLE,,,NOT_AVAILABLE,,,,NOT_AVAILABLE,,,NOT_AVAILABLE,,NOT_AVAILABLE,Not yet researched this session — scheduled for a later batch. No figures carried over from the uploaded workbook because they could not be traced to a source (see inspection note).,
Jordan,JOR,,,NEEDS_VERIFICATION,,,,,NOT_AVAILABLE,,,NOT_AVAILABLE,,,NOT_AVAILABLE,,,NOT_AVAILABLE,,,,NOT_AVAILABLE,,,NOT_AVAILABLE,,NOT_AVAILABLE,Not yet researched this session — scheduled for a later batch. No figures carried over from the uploaded workbook because they could not be traced to a source (see inspection note).,
Lebanon,LBN,,,NEEDS_VERIFICATION,,,,,NOT_AVAILABLE,,,NOT_AVAILABLE,,,NOT_AVAILABLE,,,NOT_AVAILABLE,,,,NOT_AVAILABLE,,,NOT_AVAILABLE,,NOT_AVAILABLE,Not yet researched this session — scheduled for a later batch. No figures carried over from the uploaded workbook because they could not be traced to a source (see inspection note).,
Iraq,IRQ,,,NEEDS_VERIFICATION,,,,,NOT_AVAILABLE,,,NOT_AVAILABLE,,,NOT_AVAILABLE,,,NOT_AVAILABLE,,,,NOT_AVAILABLE,,,NOT_AVAILABLE,,NOT_AVAILABLE,Not yet researched this session — scheduled for a later batch. No figures carried over from the uploaded workbook because they could not be traced to a source (see inspection note).,
