Country,Country_Code,ASP_Tunneled,ASP_NonTunneled,ASP_Evidence,TAM,SAM,SOM,Note
Saudi Arabia,SAU,,,NEEDS_VERIFICATION,,,,"NUPCO award document (NPT0003-24) confirms awarded vendors but discloses no unit price — ASP intentionally blank, not estimated."
UAE,ARE,,,NOT_AVAILABLE,,,,Not researched.
Qatar,QAT,,,NOT_AVAILABLE,,,,Not researched.
Kuwait,KWT,,,NOT_AVAILABLE,,,,Not researched.
Oman,OMN,,,NOT_AVAILABLE,,,,Not researched.
Bahrain,BHR,,,NOT_AVAILABLE,,,,Not researched.
Jordan,JOR,,,NOT_AVAILABLE,,,,Not researched.
Lebanon,LBN,,,NOT_AVAILABLE,,,,Not researched.
Iraq,IRQ,,,NOT_AVAILABLE,,,,Not researched.
