Country,Country_Code,Patient_Base_Used,Patient_Base_Evidence,Tunneled_Share,NonTunneled_Share,Share_Evidence,Demand_Low_Total,Demand_Low_Tunneled,Demand_Low_NonTunneled,Demand_Base_Total,Demand_Base_Tunneled,Demand_Base_NonTunneled,Demand_High_Total,Demand_High_Tunneled,Demand_High_NonTunneled,Demand_Evidence
Saudi Arabia,SAU,20534,OBSERVED,0.7,0.3,ANALYST_SCENARIO,6160,4312,1848,12320,8624,3696,20534,14374,6160,ANALYST_SCENARIO — catheter prevalence and replacement-rate assumptions are not country-specific; patient base is OBSERVED where present
UAE,ARE,,NOT_AVAILABLE,,,NOT_AVAILABLE,,,,,,,,,,NOT_AVAILABLE — no verified patient base
Qatar,QAT,900,OBSERVED,0.7,0.3,ANALYST_SCENARIO,270,189,81,540,378,162,900,630,270,ANALYST_SCENARIO — catheter prevalence and replacement-rate assumptions are not country-specific; patient base is OBSERVED where present
Kuwait,KWT,,NOT_AVAILABLE,,,NOT_AVAILABLE,,,,,,,,,,NOT_AVAILABLE — no verified patient base
Oman,OMN,,NOT_AVAILABLE,,,NOT_AVAILABLE,,,,,,,,,,NOT_AVAILABLE — no verified patient base
Bahrain,BHR,,NOT_AVAILABLE,,,NOT_AVAILABLE,,,,,,,,,,NOT_AVAILABLE — no verified patient base
Jordan,JOR,,NOT_AVAILABLE,,,NOT_AVAILABLE,,,,,,,,,,NOT_AVAILABLE — no verified patient base
Lebanon,LBN,,NOT_AVAILABLE,,,NOT_AVAILABLE,,,,,,,,,,NOT_AVAILABLE — no verified patient base
Iraq,IRQ,,NOT_AVAILABLE,,,NOT_AVAILABLE,,,,,,,,,,NOT_AVAILABLE — no verified patient base
