Country,Tender_ID,Tender_Title,Publication_Date,Status,Product_Category,Awardee_Count,Price_Status,Source_URL,Evidence_Level
Saudi Arabia,NPT0003-24,Renal Consumable Tender — Final Award Batch 2,2024-01-08,Awarded,Renal consumables incl. HD catheters,6,NOT_PUBLICLY_DISCLOSED,https://www.nupco.com/wp-content/uploads/2024/01/NPT0003-24-_-RENAL-CONSUMABLE-TENDER-_-FINAL_AWARD_BATCH2.pdf,OBSERVED
UAE,,,,Not researched,,,NOT_AVAILABLE,,NOT_AVAILABLE
Qatar,,,,Not researched,,,NOT_AVAILABLE,,NOT_AVAILABLE
Kuwait,,,,Not researched,,,NOT_AVAILABLE,,NOT_AVAILABLE
Oman,,,,Not researched,,,NOT_AVAILABLE,,NOT_AVAILABLE
Bahrain,,,,Not researched,,,NOT_AVAILABLE,,NOT_AVAILABLE
Jordan,,,,Not researched,,,NOT_AVAILABLE,,NOT_AVAILABLE
Lebanon,,,,Not researched,,,NOT_AVAILABLE,,NOT_AVAILABLE
Iraq,,,,Not researched,,,NOT_AVAILABLE,,NOT_AVAILABLE
